Название,Цена,Ссылка
Подвесной светильник Сансет Black,4400,https://www.divan.ru/chelyabinsk/product/podvesnoj-svetilnik-sanset-black
Торшер Билли Black,15220,https://www.divan.ru/chelyabinsk/product/torsher-billi-black
Подвесной светильник Бабл-9,17320,https://www.divan.ru/chelyabinsk/product/podvesnoj-svetilnik-babl-9
Торшер Бабл-1,6500,https://www.divan.ru/chelyabinsk/product/torsher-babl-1
Подвесной светильник Бабл-3,6500,https://www.divan.ru/chelyabinsk/product/podvesnoj-svetilnik-babl-3
Бра Бабл Black,2090,https://www.divan.ru/chelyabinsk/product/bra-babl-black
Настольная лампа Дэнди Black,3140,https://www.divan.ru/chelyabinsk/product/nastolnaya-lampa-dendi-black
Настольная лампа Дэнди White,3140,https://www.divan.ru/chelyabinsk/product/nastolnaya-lampa-dendi-white
Торшер Варио White,5240,https://www.divan.ru/chelyabinsk/product/torsher-vario-white
Бра Варио Black,1040,https://www.divan.ru/chelyabinsk/product/bra-vario-black
Бра Варио White,1040,https://www.divan.ru/chelyabinsk/product/bra-vario-white
Подвесной светильник Сансет White,4400,https://www.divan.ru/chelyabinsk/product/podvesnoj-svetilnik-sanset-white
Подвесной светильник Кэндел Black,2830,https://www.divan.ru/chelyabinsk/product/podvesnoj-svetilnik-kendel-black
Подвесной светильник Кэндел White,2830,https://www.divan.ru/chelyabinsk/product/podvesnoj-svetilnik-kendel-white
Торшер Вена Beige,10490,https://www.divan.ru/chelyabinsk/product/torsher-vena-beige
Настольная лампа Сфера Orange,5240,https://www.divan.ru/chelyabinsk/product/nastolnaya-lampa-sfera-orange
Торшер Осло Black,16790,https://www.divan.ru/chelyabinsk/product/torsher-oslo-black
Подвесной светильник Кая Black,2720,https://www.divan.ru/chelyabinsk/product/podvesnoj-svetilnik-kaya-black
Торшер Вена Black,10490,https://www.divan.ru/chelyabinsk/product/torsher-vena-black
Подвесной светильник Кая White,2720,https://www.divan.ru/chelyabinsk/product/podvesnoj-svetilnik-kaya-white
Настольная лампа Гровер Glass,4190,https://www.divan.ru/chelyabinsk/product/nastolnaya-lampa-grover-glass
Настольная лампа Сфера Black,4190,https://www.divan.ru/chelyabinsk/product/nastolnaya-lampa-sfera-black
Настольная лампа Машрум Grey,4190,https://www.divan.ru/chelyabinsk/product/nastolnaya-lampa-mashrum-grey
Настольная лампа Спайк Green,1040,https://www.divan.ru/chelyabinsk/product/nastolnaya-lampa-spajk-green
Настольная лампа Клауд White,12170,https://www.divan.ru/chelyabinsk/product/nastolnaya-lampa-klaud-white
Настольная лампа Рэй Black,3140,https://www.divan.ru/chelyabinsk/product/nastolnaya-lampa-rej-black
Торшер Рэй White,3770,https://www.divan.ru/chelyabinsk/product/torsher-rej-white
Торшер Рэй Black,5240,https://www.divan.ru/chelyabinsk/product/torsher-rej-black
Настольная лампа Спайк Orange,830,https://www.divan.ru/chelyabinsk/product/nastolnaya-lampa-spajk-orange
Подвесной светильник Портланд Black,2720,https://www.divan.ru/chelyabinsk/product/podvesnoj-svetilnik-portland-black
Настольная лампа Гросс White,3770,https://www.divan.ru/chelyabinsk/product/nastolnaya-lampa-gross-white
Торшер Мун Black,6290,https://www.divan.ru/chelyabinsk/product/torsher-mun-black
Торшер Билли White,14060,https://www.divan.ru/chelyabinsk/product/torsher-billi-white
Торшер Варио Black,6500,https://www.divan.ru/chelyabinsk/product/torsher-vario-black
Настольная лампа Раффи Round,5240,https://www.divan.ru/chelyabinsk/product/nastolnaya-lampa-raffi-round
Торшер Гросс White,6290,https://www.divan.ru/chelyabinsk/product/torsher-gross-white
Торшер Раффи Round,9970,https://www.divan.ru/chelyabinsk/product/torsher-raffi-round
Бра Moderli Alina,3560,https://www.divan.ru/chelyabinsk/product/bra-moderli-alina
Подвесной светильник Маро Green,12280,https://www.divan.ru/chelyabinsk/product/podvesnoj-svetilnik-maro-green
Настольная лампа Рэй White,2720,https://www.divan.ru/chelyabinsk/product/nastolnaya-lampa-rej-white
Светильник потолочный Matthew,5240,https://www.divan.ru/chelyabinsk/product/svetilnik-potolochnyj-matthew
Настольная лампа Junior-4,3140,https://www.divan.ru/chelyabinsk/product/nastolnaya-lampa-junior-4
Спот Лайт-1 Black,2510,https://www.divan.ru/chelyabinsk/product/spot-lajt-1-black
Настольная лампа Junior-3,4070,https://www.divan.ru/chelyabinsk/product/nastolnaya-lampa-junior-3
Настольная лампа Junior-1,4190,https://www.divan.ru/chelyabinsk/product/nastolnaya-lampa-junior-1
Подвесной светильник Milligan,5770,https://www.divan.ru/chelyabinsk/product/podvesnoj-svetilnik-milligan
Подвесной светильник Townshend-4,11540,https://www.divan.ru/chelyabinsk/product/podvesnoj-svetilnik-townshend-4
Люстра Монти-3 White,10490,https://www.divan.ru/chelyabinsk/product/lyustra-monti-3-white
